{
  "client_nodes": [
    [
      8,
      9,
      14,
      15,
      18,
      20,
      22,
      23,
      26,
      27,
      29,
      30,
      32,
      33
    ],
    [
      0,
      4,
      5,
      6,
      10,
      11,
      16,
      17,
      19,
      21
    ],
    [
      1,
      2,
      3,
      7,
      12,
      13
    ],
    [
      24,
      25,
      28,
      31
    ]
  ],
  "hash": "50a89a3d7a7549681241c9a035436cf90d0133d0afee53a165edef3c0385a297",
  "metadata": {
    "algorithm": "louvain",
    "community_library": "networkx_3.4.2",
    "community_sizes": [
      {
        "community_id": 0,
        "size": 14
      },
      {
        "community_id": 1,
        "size": 10
      },
      {
        "community_id": 2,
        "size": 6
      },
      {
        "community_id": 3,
        "size": 4
      }
    ],
    "num_clients": 4,
    "num_communities": 4,
    "per_client_nodes": [
      14,
      10,
      6,
      4
    ],
    "profile": {
      "domain_shift_profile": {
        "mean_ecd": 0.30258758002489655,
        "mean_hg": 0.05769230769230771,
        "mean_jsd": 0.42259674478340187,
        "mean_mnr": 0.35277777777642694,
        "mean_psd": 0.49341333099626755,
        "mean_td": 0.2327297715695215,
        "qii": 0.45183210281580044
      },
      "ecd": {
        "max_pairwise": 0.7407012763193249,
        "mean_pairwise": 0.30258758002489655,
        "per_client_mean": [
          0.1946747147639841,
          0.19971834317556025,
          0.4695877960649458,
          0.34636946609509617
        ],
        "variance": 0.04928914707941595
      },
      "homophily_gap": {
        "max_pairwise": 0.11538461538461542,
        "mean_pairwise": 0.05769230769230771,
        "per_client_mean": [
          0.11538461538461542,
          0.03846153846153847,
          0.03846153846153847,
          0.03846153846153847
        ],
        "variance": 0.003328402366863907
      },
      "homophily_variance": 0.0024963017751479305,
      "label_jsd": {
        "max_pairwise": 0.6931471781573602,
        "mean_pairwise": 0.42259674478340187,
        "per_client_mean": [
          0.38309537079523026,
          0.418360614389633,
          0.418360614389633,
          0.470570379559111
        ],
        "variance": 0.0869275195457976
      },
      "lpv": 0.23309948979591838,
      "mnr_mean": 0.35277777777642694,
      "mnr_per_client": [
        0.1999999999996923,
        0.29999999999925,
        0.44444444444320985,
        0.46666666666355555
      ],
      "noi": 0.0,
      "pairwise_noi": [
        [
          0.0,
          0.0,
          0.0,
          0.0
        ],
        [
          0.0,
          0.0,
          0.0,
          0.0
        ],
        [
          0.0,
          0.0,
          0.0,
          0.0
        ],
        [
          0.0,
          0.0,
          0.0,
          0.0
        ]
      ],
      "psd": {
        "max_pairwise": 0.6706008080495736,
        "mean_pairwise": 0.49341333099626755,
        "per_client_mean": [
          0.45445873802981307,
          0.5046232630106187,
          0.4112951706870505,
          0.6032761522575877
        ],
        "variance": 0.022156097097164328
      },
      "qii": 0.45183210281580044,
      "topo_divergence": {
        "max_pairwise": 0.3537548823698806,
        "mean_pairwise": 0.2327297715695215,
        "per_client_mean": [
          0.22902698487142845,
          0.19346646317613594,
          0.28398772670788597,
          0.2244379115226356
        ],
        "variance": 0.006715976866977946
      }
    },
    "protocol": "community_split",
    "resolution": 1.0,
    "seed": 42
  }
}