{
  "client_nodes": [
    [
      8,
      9,
      14,
      15,
      18,
      20,
      22,
      23,
      26,
      27,
      29,
      30,
      32,
      33
    ],
    [
      0,
      4,
      5,
      6,
      10,
      11,
      16,
      17,
      19,
      21
    ],
    [
      1,
      2,
      3,
      7,
      12,
      13
    ],
    [
      24,
      25,
      28,
      31
    ]
  ],
  "hash": "dce71f08b4d597bfc934c30f97ed532ebeb155ab3a97044a257cb2f8d459cdd4",
  "metadata": {
    "base_protocol": "community_split",
    "per_client_params": [
      {
        "scale": 1.106650977914051,
        "shift": [
          -0.3639944371841734,
          0.26265791853226,
          0.3291976507369248,
          -0.6828623160288427,
          -0.4557628274018113,
          0.04474414110854988
        ],
        "type": "affine"
      },
      {
        "scale": 0.8893150926797462,
        "shift": [
          -0.005880405126501078,
          -0.298565374650753,
          0.30778929120199,
          0.2722271774001319,
          0.023110744146425614,
          0.3945344224388115
        ],
        "type": "affine"
      },
      {
        "scale": 1.1636282697882159,
        "shift": [
          -0.30075236200913336,
          0.1290627744288746,
          -0.3356089102901496,
          0.30745760545754536,
          -0.017474068845188512,
          -0.0647018272408412
        ],
        "type": "affine"
      },
      {
        "scale": 0.7616746594586206,
        "shift": [
          0.4278894685359106,
          -0.054085318724080754,
          -0.14991473775708752,
          -0.12324674267088034,
          0.18630821494367203,
          0.1279054225274274
        ],
        "type": "affine"
      }
    ],
    "profile": {
      "domain_shift_profile": {
        "mean_ecd": 0.5002382548780404,
        "mean_hg": 0.05769230769230771,
        "mean_jsd": 0.42259674478340187,
        "mean_mnr": 0.35277777777642694,
        "mean_psd": 0.49341333099626733,
        "mean_td": 0.2327297715695215,
        "qii": 0.45183210281580044
      },
      "ecd": {
        "max_pairwise": 1.0331383538860623,
        "mean_pairwise": 0.5002382548780404,
        "per_client_mean": [
          0.3687370286635158,
          0.38902094962254635,
          0.7013967021179034,
          0.5417983391081962
        ],
        "variance": 0.078160096864735
      },
      "homophily_gap": {
        "max_pairwise": 0.11538461538461542,
        "mean_pairwise": 0.05769230769230771,
        "per_client_mean": [
          0.11538461538461542,
          0.03846153846153847,
          0.03846153846153847,
          0.03846153846153847
        ],
        "variance": 0.003328402366863907
      },
      "homophily_variance": 0.0024963017751479305,
      "label_jsd": {
        "max_pairwise": 0.6931471781573602,
        "mean_pairwise": 0.42259674478340187,
        "per_client_mean": [
          0.38309537079523026,
          0.418360614389633,
          0.418360614389633,
          0.470570379559111
        ],
        "variance": 0.0869275195457976
      },
      "lpv": 0.23309948979591838,
      "mnr_mean": 0.35277777777642694,
      "mnr_per_client": [
        0.1999999999996923,
        0.29999999999925,
        0.44444444444320985,
        0.46666666666355555
      ],
      "noi": 0.0,
      "pairwise_noi": [
        [
          0.0,
          0.0,
          0.0,
          0.0
        ],
        [
          0.0,
          0.0,
          0.0,
          0.0
        ],
        [
          0.0,
          0.0,
          0.0,
          0.0
        ],
        [
          0.0,
          0.0,
          0.0,
          0.0
        ]
      ],
      "psd": {
        "max_pairwise": 0.670600808049573,
        "mean_pairwise": 0.49341333099626733,
        "per_client_mean": [
          0.4544587380298128,
          0.5046232630106187,
          0.4112951706870502,
          0.6032761522575876
        ],
        "variance": 0.022156097097164318
      },
      "qii": 0.45183210281580044,
      "topo_divergence": {
        "max_pairwise": 0.3537548823698806,
        "mean_pairwise": 0.2327297715695215,
        "per_client_mean": [
          0.22902698487142845,
          0.19346646317613594,
          0.28398772670788597,
          0.2244379115226356
        ],
        "variance": 0.006715976866977946
      }
    },
    "protocol": "feature_shift",
    "seed": 42,
    "shift_intensity": 0.35,
    "shift_type": "affine"
  }
}