{
  "client_nodes": [
    [
      9,
      14,
      20,
      22,
      26,
      27,
      28,
      30,
      33
    ],
    [
      0,
      2,
      3,
      5,
      6,
      8,
      10,
      12,
      13,
      15,
      16,
      18,
      23,
      24,
      25,
      29
    ],
    [
      1,
      4,
      11,
      17,
      19,
      21
    ],
    [
      7,
      31,
      32
    ]
  ],
  "hash": "61594198c660a71ebbead950a244075369fdc546cda1b167c27aa124787d0c4f",
  "metadata": {
    "alpha": 0.2,
    "max_retries": 100,
    "min_samples_per_client": 1,
    "num_clients": 4,
    "per_class_allocations": {
      "0": [
        0,
        10,
        6,
        1
      ],
      "1": [
        9,
        6,
        0,
        2
      ]
    },
    "per_client_counts": [
      9,
      16,
      6,
      3
    ],
    "profile": {
      "domain_shift_profile": {
        "mean_ecd": 0.42921055282078463,
        "mean_hg": 0.0,
        "mean_jsd": 0.2715082090750934,
        "mean_mnr": 0.6654306220071247,
        "mean_psd": 0.5720682712271004,
        "mean_td": 0.2668926572265436,
        "qii": 0.5672735741760562
      },
      "ecd": {
        "max_pairwise": 0.9246133978092964,
        "mean_pairwise": 0.42921055282078463,
        "per_client_mean": [
          0.2672935866273349,
          0.3135292163555126,
          0.47124281558253794,
          0.664776592717753
        ],
        "variance": 0.07696755086226482
      },
      "homophily_gap": {
        "max_pairwise": 0.0,
        "mean_pairwise": 0.0,
        "per_client_mean": [
          0.0,
          0.0,
          0.0,
          0.0
        ],
        "variance": 0.0
      },
      "homophily_variance": 0.0,
      "label_jsd": {
        "max_pairwise": 0.6931471781573602,
        "mean_pairwise": 0.2715082090750934,
        "per_client_mean": [
          0.37191868535660744,
          0.16178028990478374,
          0.38773340203605894,
          0.16460045900292344
        ],
        "variance": 0.044355548105116875
      },
      "lpv": 0.1357421875,
      "mnr_mean": 0.6654306220071247,
      "mnr_per_client": [
        0.5789473684195291,
        0.4736842105256925,
        0.6999999999965001,
        0.9090909090867769
      ],
      "noi": 0.0,
      "pairwise_noi": [
        [
          0.0,
          0.0,
          0.0,
          0.0
        ],
        [
          0.0,
          0.0,
          0.0,
          0.0
        ],
        [
          0.0,
          0.0,
          0.0,
          0.0
        ],
        [
          0.0,
          0.0,
          0.0,
          0.0
        ]
      ],
      "psd": {
        "max_pairwise": 0.7169763234340143,
        "mean_pairwise": 0.5720682712271004,
        "per_client_mean": [
          0.5311965283978969,
          0.5350555298260523,
          0.5094118788881179,
          0.7126091477963343
        ],
        "variance": 0.020307700220599054
      },
      "qii": 0.5672735741760562,
      "topo_divergence": {
        "max_pairwise": 0.44712128635776505,
        "mean_pairwise": 0.2668926572265436,
        "per_client_mean": [
          0.2828340861393433,
          0.3787466377069047,
          0.2020064820861094,
          0.2039834229738169
        ],
        "variance": 0.016841754172852972
      }
    },
    "protocol": "dirichlet_label_split",
    "seed": 42
  }
}