{
  "client_nodes": [
    [
      0,
      1,
      2,
      3,
      7,
      8,
      9,
      13,
      26,
      27,
      28,
      29,
      32,
      33
    ],
    [
      8,
      9,
      13,
      14,
      15,
      18,
      19,
      20,
      22,
      23,
      26,
      27,
      28,
      29,
      30,
      31,
      32,
      33
    ],
    [
      0,
      1,
      2,
      3,
      7,
      8,
      9,
      13,
      23,
      25,
      27,
      28,
      29,
      32,
      33
    ],
    [
      0,
      1,
      2,
      3,
      7,
      12,
      13,
      17
    ]
  ],
  "hash": "04556d14dd6a86987716c4119b3471c9cd96ffdf05761da1d8310d9de7e44ec6",
  "metadata": {
    "anchor_selection_semantics": "clientwise_anchor_sampling",
    "anchors": [
      [
        2,
        26
      ],
      [
        14,
        33
      ],
      [
        23,
        2
      ],
      [
        3,
        17
      ]
    ],
    "anchors_per_client": 2,
    "hop_radius": 1,
    "num_clients": 4,
    "overlap_strategy": "partial",
    "per_client_nodes": [
      14,
      18,
      15,
      8
    ],
    "profile": {
      "domain_shift_profile": {
        "mean_ecd": 0.219559085667109,
        "mean_hg": 0.12117528462998105,
        "mean_jsd": 0.17048883789683875,
        "mean_mnr": 0.31974096364300314,
        "mean_psd": 0.20989204073764656,
        "mean_td": 0.22344934554307697,
        "qii": 0.2641061644787991
      },
      "ecd": {
        "max_pairwise": 0.40952779799482525,
        "mean_pairwise": 0.219559085667109,
        "per_client_mean": [
          0.16013293231999384,
          0.3971679865053506,
          0.1588543408827211,
          0.16208108296037038
        ],
        "variance": 0.03189995435779138
      },
      "homophily_gap": {
        "max_pairwise": 0.22580645161290325,
        "mean_pairwise": 0.12117528462998105,
        "per_client_mean": [
          0.10509566729917774,
          0.09181293485135993,
          0.09181293485135993,
          0.1959796015180266
        ],
        "variance": 0.00623131697316674
      },
      "homophily_variance": 0.007843037466871372,
      "label_jsd": {
        "max_pairwise": 0.4539126603739044,
        "mean_pairwise": 0.17048883789683875,
        "per_client_mean": [
          0.09365926797175307,
          0.19072056047899388,
          0.09619961341098883,
          0.3013759097256191
        ],
        "variance": 0.023368757769862494
      },
      "lpv": 0.08944444444444447,
      "mnr_mean": 0.31974096364300314,
      "mnr_per_client": [
        0.3737373737369962,
        0.21951219512168352,
        0.3523809523806168,
        0.33333333333271603
      ],
      "noi": 0.3911242540494458,
      "pairwise_noi": [
        [
          0.0,
          0.391304347826087,
          0.8125,
          0.375
        ],
        [
          0.391304347826087,
          0.0,
          0.375,
          0.04
        ],
        [
          0.8125,
          0.375,
          0.0,
          0.35294117647058826
        ],
        [
          0.375,
          0.04,
          0.35294117647058826,
          0.0
        ]
      ],
      "psd": {
        "max_pairwise": 0.3409158230305515,
        "mean_pairwise": 0.20989204073764656,
        "per_client_mean": [
          0.2073755432422657,
          0.3073128443533312,
          0.16269053176199486,
          0.1621892435929945
        ],
        "variance": 0.010637596669815931
      },
      "qii": 0.2641061644787991,
      "topo_divergence": {
        "max_pairwise": 0.3548194244134393,
        "mean_pairwise": 0.22344934554307697,
        "per_client_mean": [
          0.15871048538569732,
          0.30215594225480746,
          0.1877267015910323,
          0.2452042529407709
        ],
        "variance": 0.009493496588853066
      }
    },
    "protocol": "egonet_split",
    "seed": 42
  }
}