{
  "community": {
    "mean_jsd": 0.42259674478340187,
    "mean_ecd": 0.30258758002489655,
    "mean_psd": 0.49341333099626755,
    "mean_hg": 0.05769230769230771,
    "mean_td": 0.2327297715695215,
    "mean_mnr": 0.35277777777642694,
    "qii": 0.45183210281580044
  },
  "egonet": {
    "mean_jsd": 0.17048883789683875,
    "mean_ecd": 0.219559085667109,
    "mean_psd": 0.20989204073764656,
    "mean_hg": 0.12117528462998105,
    "mean_td": 0.22344934554307697,
    "mean_mnr": 0.31974096364300314,
    "qii": 0.2641061644787991
  },
  "dirichlet": {
    "mean_jsd": 0.2715082090750934,
    "mean_ecd": 0.42921055282078463,
    "mean_psd": 0.5720682712271004,
    "mean_hg": 0.0,
    "mean_td": 0.2668926572265436,
    "mean_mnr": 0.6654306220071247,
    "qii": 0.5672735741760562
  },
  "community_feature_shift": {
    "mean_jsd": 0.42259674478340187,
    "mean_ecd": 0.5002382548780404,
    "mean_psd": 0.49341333099626733,
    "mean_hg": 0.05769230769230771,
    "mean_td": 0.2327297715695215,
    "mean_mnr": 0.35277777777642694,
    "qii": 0.45183210281580044
  }
}